<!-- PRIZE TIER 1 -->

<ticket>
<outcome prizeTier="1" amount="5000.00" />
<params wT="1"/>
<prizeList a="1.00,2.00,3.00,5.00,5.00,10.00,20.00,40.00,100.00,200.00,5000.00" />
<games>
<game name="BeeLucky" >
<turns>
<turn name="go0" prizeId="10" wS="1" iW="0"/>
<turn name="go1" prizeId="0" wS="0" iW="0"/>
<turn name="go2" prizeId="8" wS="0" iW="0"/>
<turn name="go3" prizeId="0" wS="0" iW="0"/>
<turn name="go4" prizeId="3" wS="0" iW="0"/>
<turn name="go5" prizeId="10" wS="1" iW="0"/>
<turn name="go6" prizeId="2" wS="0" iW="0"/>
<turn name="go7" prizeId="10" wS="1" iW="0"/>
<turn name="go8" prizeId="8" wS="0" iW="0"/>
</turns>
</game>
</games> 
</ticket>


<!--
<ticket>
<outcome prizeTier="12" amount="0.00" />
<params wT="0"/>
<prizeList a="1.00,2.00,3.00,5.00,5.00,10.00,20.00,40.00,100.00,200.00,5000.00" />
<games>
<game name="BeeLucky" >
<turns>
<turn name="go0" prizeId="6" wS="0" iW="0"/>
<turn name="go1" prizeId="1" wS="0" iW="0"/>
<turn name="go2" prizeId="5" wS="0" iW="0"/>
<turn name="go3" prizeId="3" wS="0" iW="0"/>
<turn name="go4" prizeId="0" wS="0" iW="0"/>
<turn name="go5" prizeId="3" wS="0" iW="0"/>
<turn name="go6" prizeId="7" wS="0" iW="0"/>
<turn name="go7" prizeId="2" wS="0" iW="0"/>
<turn name="go8" prizeId="7" wS="0" iW="0"/>
</turns>
</game>
</games>
</ticket>


<!--
<ticket>
<outcome prizeTier="7" amount="5.00" />
<params wT="1"/>
<prizeList a="1.00,2.00,3.00,5.00,5.00,10.00,20.00,40.00,100.00,200.00,5000.00" />
<games>
<game name="BeeLucky" >
<turns>
<turn name="go0" prizeId="9" wS="0" iW="0"/>
<turn name="go1" prizeId="0" wS="0" iW="0"/>
<turn name="go2" prizeId="9" wS="0" iW="0"/>
<turn name="go3" prizeId="0" wS="0" iW="0"/>
<turn name="go4" prizeId="1" wS="0" iW="0"/>
<turn name="go5" prizeId="8" wS="0" iW="0"/>
<turn name="go6" prizeId="2" wS="0" iW="0"/>
<turn name="go7" prizeId="4" wS="1" iW="1"/>
<turn name="go8" prizeId="7" wS="0" iW="0"/>
</turns>
</game>
</games>
</ticket>
-->






