<?xml version="1.0" encoding="UTF-8"?>
<htmlindex>
		<headcss>
			 <file pathType="relativeGlobal">styles/gaming/miwg/miwg_0_0_5.css</file>
			 <file pathType="relativeGame">src/HTML5.css</file>
		</headcss>
		<headjs>
	         <file pathType="relativeGlobal">scripts/js/mobile/iwg_0_0_18_min.js</file>
	        <file pathType="relativeGame">src/IwgIncludes.js</file>
	    </headjs>
	    <bodyhtml>
	        <![CDATA[
	            <div id="IWGholder">
	                <canvas id="IWGcanvas" class="IWGcanvas"></canvas>
	            </div>
				<section id="IWGfs">
					<div id="IWGfsBg" class="IWGfsBg">
						<div class="IWGfsArrow-up"></div>
						<div id="IWGfsText" class="IWGfsText"></div>
					</div>
				</section>
				<div id="wm" class="warningMessage"></div>
	        ]]>
	    </bodyhtml>
	    <orientation>L</orientation>
	    <type>xml</type>
	</htmlindex>