<?xml version="1.0" encoding="UTF-8" standalone="no"?>
<!--Created using Glyph Designer - http://www.71squared.com/glyphdesigner-->
<font>
    <info face="Dream Heavy" size="40" bold="1" italic="0" chasrset="" unicode="0" stretchH="100" smooth="1" aa="1" padding="0,0,0,0" spacing="2,2"/>
    <common lineHeight="50" base="40" scaleW="128" scaleH="128" pages="1" packed="0"/>
    <pages>
        <page id="0" file="DreamHeavy40-Red.png"/>
    </pages>
    <chars count="13">
        <char id="32" x="97" y="69" width="0" height="0" xoffset="0" yoffset="40" xadvance="8" page="0" chnl="0" letter="space"/>
        <char id="44" x="82" y="69" width="13" height="21" xoffset="1" yoffset="28" xadvance="13" page="0" chnl="0" letter=","/>
        <char id="48" x="36" y="2" width="28" height="31" xoffset="1" yoffset="10" xadvance="28" page="0" chnl="0" letter="0"/>
        <char id="49" x="61" y="69" width="19" height="30" xoffset="0" yoffset="10" xadvance="19" page="0" chnl="0" letter="1"/>
        <char id="50" x="86" y="36" width="25" height="31" xoffset="0" yoffset="9" xadvance="24" page="0" chnl="0" letter="2"/>
        <char id="51" x="2" y="36" width="26" height="31" xoffset="0" yoffset="10" xadvance="24" page="0" chnl="0" letter="3"/>
        <char id="52" x="2" y="69" width="30" height="30" xoffset="0" yoffset="10" xadvance="28" page="0" chnl="0" letter="4"/>
        <char id="53" x="30" y="36" width="26" height="31" xoffset="0" yoffset="10" xadvance="24" page="0" chnl="0" letter="5"/>
        <char id="54" x="58" y="36" width="26" height="31" xoffset="1" yoffset="10" xadvance="26" page="0" chnl="0" letter="6"/>
        <char id="55" x="34" y="69" width="25" height="30" xoffset="0" yoffset="10" xadvance="23" page="0" chnl="0" letter="7"/>
        <char id="56" x="66" y="2" width="27" height="31" xoffset="1" yoffset="10" xadvance="25" page="0" chnl="0" letter="8"/>
        <char id="57" x="95" y="2" width="27" height="31" xoffset="1" yoffset="10" xadvance="26" page="0" chnl="0" letter="9"/>
        <char id="163" x="2" y="2" width="32" height="32" xoffset="1" yoffset="9" xadvance="31" page="0" chnl="0" letter="£"/>
    </chars>
    <kernings count="40">
        <kerning first="44" second="48" amount="-1"/>
        <kerning first="44" second="49" amount="-5"/>
        <kerning first="44" second="54" amount="-1"/>
        <kerning first="44" second="55" amount="-2"/>
        <kerning first="44" second="57" amount="-1"/>
        <kerning first="48" second="44" amount="-1"/>
        <kerning first="48" second="50" amount="-1"/>
        <kerning first="48" second="51" amount="-1"/>
        <kerning first="48" second="53" amount="-1"/>
        <kerning first="48" second="163" amount="-1"/>
        <kerning first="51" second="51" amount="-1"/>
        <kerning first="51" second="57" amount="-1"/>
        <kerning first="52" second="49" amount="-2"/>
        <kerning first="52" second="55" amount="-2"/>
        <kerning first="52" second="57" amount="-2"/>
        <kerning first="53" second="49" amount="-1"/>
        <kerning first="53" second="53" amount="-1"/>
        <kerning first="53" second="55" amount="-1"/>
        <kerning first="53" second="57" amount="-1"/>
        <kerning first="54" second="49" amount="-1"/>
        <kerning first="54" second="50" amount="-1"/>
        <kerning first="54" second="51" amount="-1"/>
        <kerning first="54" second="53" amount="-1"/>
        <kerning first="54" second="55" amount="-1"/>
        <kerning first="54" second="57" amount="-1"/>
        <kerning first="55" second="44" amount="-6"/>
        <kerning first="55" second="48" amount="-1"/>
        <kerning first="55" second="52" amount="-3"/>
        <kerning first="55" second="53" amount="-1"/>
        <kerning first="55" second="54" amount="-1"/>
        <kerning first="56" second="53" amount="-1"/>
        <kerning first="57" second="44" amount="-1"/>
        <kerning first="57" second="50" amount="-1"/>
        <kerning first="57" second="51" amount="-1"/>
        <kerning first="57" second="53" amount="-1"/>
        <kerning first="163" second="48" amount="-2"/>
        <kerning first="163" second="52" amount="-2"/>
        <kerning first="163" second="53" amount="-1"/>
        <kerning first="163" second="54" amount="-2"/>
        <kerning first="163" second="57" amount="-1"/>
    </kernings>
</font>